;case_id;data_income;cristal_id;way_id;data_install;data_outcome;reason;metal_mass;gap;R1;r1;left;right;remark;value;size
0;30013347;10.01.2020;1;1;20.01.2020;20.01.2020;прорыв;0;5;5;5;5;5.0;нет;0.0;150
1;30013347;10.01.2020;1;3;27.01.2020;29.01.2020;ревизия;2095;5;5;5;5;5.0;нет;0.0;150
2;30013347;10.01.2020;1;6;01.02.2020;06.02.2020;ревизия;5974;5;5;5;5;5.0;прорыв;0.0;150
3;30012088;07.02.2020;1;4;09.02.2020;14.02.2020;ревизия;4591;3;3;3;3;3.0;нет;0.0;150
4;30012088;07.02.2020;1;4;16.02.2020;20.02.2020;ревизия;8665;3;3;3;3;3.0;ромб;12.0;150
5;30011717;21.02.2020;1;1;22.02.2020;26.02.2020;ревизия;4640;4;4;4;4;4.0;нет;0.0;150
6;30011717;21.02.2020;1;3;28.02.2020;05.03.2020;ревизия;9604;4;4;4;4;4.0;нет;0.0;150
7;30011717;21.02.2020;1;4;08.03.2020;12.03.2020;ревизия;12789;4;4;4;4;4.0;нет;0.0;150
8;30011717;21.02.2020;1;1;13.03.2020;13.03.2020;ревизия;17054;4;4;4;4;4.0;нет;0.0;150
9;30011717;21.02.2020;1;2;22.03.2020;28.03.2020;ревизия;19356;4;4;4;4;4.0;нет;0.0;150
10;30014188;20.04.2020;1;3;21.04.2020;26.04.2020;ревизия;3821;4;4;4;4;4.0;нет;0.0;150
11;30014188;20.04.2020;1;1;11.05.2020;12.05.2020;ревизия;4812;4;4;4;4;4.0;нет;0.0;150
12;30014188;20.04.2020;1;5;17.05.2020;19.05.2020;смена сечения;5925;4;4;4;4;4.0;нет;0.0;150
13;30014188;20.04.2020;1;1;25.05.2020;27.05.2020;смена сечения;7418;4;4;4;4;4.0;нет;0.0;150
14;30014188;20.04.2020;1;1;02.06.2020;04.06.2020;ромб;8654;4;4;4;4;4.0;ромб;18.0;150
15;83718 EM;04.06.2020;1;1;14.06.2020;16.06.2020;смена сечения;1415;4;4;4;4;4.0;нет;0.0;150
16;83718 EM;04.06.2020;1;1;24.06.2020;26.06.2020;смена сечения;3565;4;4;4;4;4.0;нет;0.0;150
17;30013346;28.12.2019;2;1;04.01.2020;06.01.2020;ромб;1783;5;5;5;5;5.0;ромб;10.0;150
18;30012912;11.01.2020;2;2;20.01.2020;25.01.2020;ревизия;3991;5;5;5;5;5.0;ромб;0.0;150
19;30012912;11.01.2020;2;1;29.01.2020;02.02.2020;ревизия;7693;5;5;5;5;5.0;ромб;12.0;150
20;30012912;11.01.2020;2;2;20.02.2020;25.02.2020;ревизия;11485;3;3;3;3;3.0;нет;0.0;150
21;30012912;11.01.2020;2;1;03.03.2020;08.03.2020;прорывы;14019;4;4;4;4;4.0;брак;0.0;150
22;30014085;08.03.2020;2;5;10.03.2020;15.03.2020;ревизия;3899;4;4;4;4;4.0;нет;0.0;150
23;30014085;08.03.2020;2;3;16.03.2020;21.03.2020;ревизия;7255;4;4;4;4;4.0;нет;0.0;150
24;30014085;08.03.2020;2;3;24.03.2020;28.03.2020;ревизия;8302;4;4;4;4;4.0;нет;0.0;150
25;30014085;08.03.2020;2;3;07.04.2020;20.04.2020;прорыв;11641;4;4;4;4;4.0;нет;0.0;150
26;30014085;08.03.2020;2;1;20.04.2020;21.04.2020;прорыв;12163;4;4;4;4;4.0;нет;0.0;150
27;30014186;21.04.2020;2;2;21.04.2020;27.04.2020;ревизия;1973;4;4;4;4;4.0;нет;0.0;150
28;30014186;21.04.2020;2;2;29.04.2020;02.05.2020;ревизия;3651;4;4;4;4;4.0;нет;0.0;150
29;30014186;21.04.2020;2;2;04.05.2020;09.05.2020;смена сечения;6931;4;4;4;4;4.0;нет;0.0;150
30;30014186;21.04.2020;2;2;24.06.2020;26.06.2020;смена сечения;9067;4;4;4;4;4.0;нет;0.0;150
31;30013352;30.01.2020;3;2;01.02.2020;06.02.2020;прорыв;4137;5;5;5;5;5.0;нет;0.0;150
32;30013352;30.01.2020;3;5;09.02.2020;12.02.2020;ревизия;6834;3;3;3;3;3.0;ромб;12.0;150
33;30013352;30.01.2020;3;1;13.02.2020;17.02.2020;ревизия;9388;3;3;3;3;3.0;нет;0.0;150
34;30012911;18.02.2020;3;3;19.02.2020;24.02.2020;ревизия;4211;4;4;4;4;4.0;ромб;15.0;150
35;30014080;07.03.2020;3;1;08.03.2020;13.03.2020;ревизия;4105;4;4;4;4;4.0;нет;0.0;150
36;30014080;07.03.2020;3;5;15.03.2020;21.03.2020;ревизия;8666;4;4;4;4;4.0;микропрорыв;0.0;150
37;30014078;11.04.2020;3;1;12.04.2020;20.04.2020;ревизия;3008;4;4;4;4;4.0;нет;0.0;150
38;30014078;11.04.2020;3;6;11.05.2020;12.05.2020;ревизия;3976;4;4;4;4;4.0;ромб;12.0;150
39;30014078;11.04.2020;3;1;17.05.2020;19.05.2020;смена сечения;5070;4;4;4;4;4.0;нет;0.0;150
40;30014078;11.04.2020;3;1;21.05.2020;22.05.2020;смена сечения;5950;4;4;4;4;4.0;ромб;15.0;150
41;30012908;13.01.2020;4;3;20.01.2020;27.01.2020;ревизия;5229;5;5;5;5;5.0;нет;0.0;150
42;30012908;13.01.2020;4;2;30.01.2020;01.02.2020;ромб;6347;5;5;5;5;5.0;ромб;16.0;150
43;30013353;01.02.2020;4;3;02.02.2020;06.02.2020;ревизия;2587;5;5;5;5;5.0;нет;0.0;150
44;30013353;01.02.2020;4;6;07.02.2020;11.02.2020;ревизия;5894;3;3;3;3;3.0;прорыв;0.0;150
45;30012907;04.02.2020;4;5;12.02.2020;19.02.2020;ревизия;5137;3;3;3;3;3.0;нет;0.0;150
46;30012907;04.02.2020;4;4;20.02.2020;26.02.2020;ревизия;9711;4;4;4;4;4.0;нет;0.0;150
47;30012907;04.02.2020;4;6;28.02.2020;05.03.2020;ревизия;14584;4;4;4;4;4.0;нет;0.0;150
48;30012907;04.02.2020;4;2;13.03.2020;17.03.2020;ревизия;17848;4;4;4;4;4.0;нет;0.0;150
49;30012907;04.02.2020;4;3;10.04.2020;21.04.2020;ревизия;18265;4;4;4;4;4.0;ромб;14.0;150
50;30014191;21.04.2020;4;1;22.04.2020;27.04.2020;ревизия;3568;4;4;4;4;4.0;нет;0.0;150
51;30014191;21.04.2020;4;1;29.04.2020;02.05.2020;ревизия;5337;4;4;4;4;4.0;нет;0.0;150
52;30014191;21.04.2020;4;6;17.05.2020;19.05.2020;смена сечения;4679;4;4;4;4;4.0;нет;0.0;150
53;30014191;21.04.2020;4;5;21.05.2020;22.05.2020;смена сечения;5660;4;4;4;4;4.0;нет;0.0;150
54;30014191;21.04.2020;4;5;25.05.2020;27.05.2020;смена сечения;7124;4;4;4;4;4.0;нет;0.0;150
55;30014191;21.04.2020;4;5;02.06.2020;05.06.2020;ревизия;9459;4;4;4;4;4.0;нет;0.0;150
56;83722 EM;05.06.2020;4;2;14.06.2020;16.06.2020;смена сечения;1461;4;4;4;4;4.0;нет;0.0;150
57;83722 EM;05.06.2020;4;4;25.06.2020;26.06.2020;смена сечения;2290;4;4;4;4;4.0;ромб;12.0;150
58;30013350;28.12.2019;5;2;04.01.2020;06.01.2020;смена сечения;1855;5;5;5;5;5.0;нет;0.0;150
59;30013350;28.12.2019;5;5;21.01.2020;27.01.2020;ревизия;6353;5;5;5;5;5.0;нет;0.0;150
60;30013350;28.12.2019;5;2;13.02.2020;16.02.2020;ревизия;8247;3;3;3;3;3.0;заклин;0.0;150
61;30013350;28.12.2019;5;3;24.02.2020;28.02.2020;прорыв;11771;3;3;3;3;3.0;брак;0.0;150
62;30012905;29.02.2020;5;5;02.03.2020;10.03.2020;ревизия;5808;4;4;4;4;4.0;нет;0.0;150
63;30012905;29.02.2020;5;6;10.03.2020;15.03.2020;ревизия;9226;4;4;4;4;4.0;нет;0.0;150
64;30012905;29.02.2020;5;5;21.03.2020;28.03.2020;ревизия;12926;4;4;4;4;4.0;нет;0.0;150
65;30012905;29.02.2020;5;4;13.04.2020;18.04.2020;ревизия;13914;4;4;4;4;4.0;нет;0.0;150
66;30014185;24.04.2020;5;5;25.04.2020;27.04.2020;ревизия;1537;4;4;4;4;4.0;нет;0.0;150
67;30014185;24.04.2020;5;5;29.04.2020;02.05.2020;ревизия;3382;4;4;4;4;4.0;нет;0.0;150
68;30014185;24.04.2020;5;5;04.05.2020;09.05.2020;смена сечения;6708;4;4;4;4;4.0;нет;0.0;150
69;30014185;24.04.2020;5;5;11.05.2020;12.05.2020;ревизия;7699;4;4;4;4;4.0;нет;0.0;150
70;30014185;24.04.2020;5;5;24.06.2020;26.06.2020;смена сечения;8974;4;4;4;4;4.0;нет;0.0;150
71;30013348;10.01.2020;6;4;20.01.2020;27.01.2020;ревизия;5100;5;5;5;5;5.0;нет;0.0;150
72;30013348;10.01.2020;6;4;30.01.2020;01.02.2020;ромб;6155;5;5;5;5;5.0;ромб;17.0;150
73;30012904;02.01.2020;6;2;06.02.2020;13.02.2020;ревизия;5330;5;5;5;5;5.0;нет;0.0;150
74;30012904;02.01.2020;6;4;14.02.2020;16.02.2020;прорыв;6883;3;3;3;3;3.0;нет;0.0;150
75;30012904;02.01.2020;6;5;25.02.2020;02.03.2020;ревизия;11603;3;3;3;3;3.0;нет;0.0;150
76;30012904;02.01.2020;6;4;03.03.2020;08.03.2020;ревизия;14736;4;4;4;4;4.0;нет;0.0;150
77;30012904;02.01.2020;6;4;22.03.2020;28.03.2020;ревизия;17184;4;4;4;4;4.0;нет;0.0;150
78;30014193;18.04.2020;6;2;18.04.2020;24.04.2020;ревизия;3341;4;4;4;4;4.0;нет;0.0;150
79;30014193;18.04.2020;6;2;11.05.2020;12.05.2020;ревизия;4334;4;4;4;4;4.0;нет;0.0;150
80;30014193;18.04.2020;6;4;17.05.2020;19.05.2020;смена сечения;5443;4;4;4;4;4.0;нет;0.0;150
81;30014193;18.04.2020;6;6;21.05.2020;22.05.2020;смена сечения;6403;4;4;4;4;4.0;нет;0.0;150
82;30014193;18.04.2020;6;6;25.05.2020;27.05.2020;смена сечения;7877;4;4;4;4;4.0;нет;0.0;150
83;30014193;18.04.2020;6;6;02.06.2020;05.06.2020;ревизия;10303;4;4;4;4;4.0;нет;0.0;150
84;83717 EM;12.06.2020;6;3;14.06.2020;16.06.2020;смена сечения;1455;4;4;4;4;4.0;ромб;14.0;150
85;30013345;12.01.2020;19;5;20.01.2020;21.01.2020;ромб;786;5;5;5;5;5.0;ромб;15.0;150
86;30013351;22.01.2020;19;1;26.01.2020;29.01.2020;ревизия;3062;5;5;5;5;5.0;нет;0.0;150
87;30013351;22.01.2020;19;1;02.02.2020;07.02.2020;прорыв;6447;5;5;5;5;5.0;прорыв;0.0;150
88;30013351;22.01.2020;19;2;28.02.2020;29.02.2020;микропрорыв;7489;3;3;3;3;3.0;микропрорыв;0.0;150
89;30000765;01.03.2020;19;4;03.03.2020;03.03.2020;ромб;2952;4;4;4;4;4.0;ромб;19.0;150
90;30014079;07.03.2020;19;2;08.03.2020;13.03.2020;ревизия;3925;4;4;4;4;4.0;нет;0.0;150
91;30014079;07.03.2020;19;6;15.03.2020;19.03.2020;ревизия;7240;4;4;4;4;4.0;нет;0.0;150
92;30014079;07.03.2020;19;3;21.03.2020;24.03.2020;прорыв;9888;4;4;4;4;4.0;прорыв;0.0;150
93;30014084;25.03.2020;19;5;07.04.2020;20.04.2020;ревизия;4948;4;4;4;4;4.0;нет;0.0;150
94;30014084;25.03.2020;19;1;21.04.2020;22.04.2020;ромб;5319;4;4;4;4;4.0;ромб;15.0;150
95;30014183;22.04.2020;19;4;24.04.2020;27.04.2020;ревизия;1998;4;4;4;4;4.0;нет;0.0;150
96;30014183;22.04.2020;19;4;29.04.2020;02.05.2020;ревизия;3866;4;4;4;4;4.0;нет;0.0;150
97;30014183;22.04.2020;19;4;04.05.2020;09.05.2020;ревизия;7205;4;4;4;4;4.0;нет;0.0;150
98;30014183;22.04.2020;19;4;24.06.2020;25.06.2020;ревизия;8199;4;4;4;4;4.0;ромб;12.0;150
99;30013349;30.01.2020;20;4;01.02.2020;09.02.2020;ревизия;6784;5;5;5;5;5.0;нет;0.0;150
100;30013349;30.01.2020;20;1;17.02.2020;22.02.2020;ревизия;10982;3;3;3;3;3.0;нет;0.0;150
101;30013349;30.01.2020;20;1;02.03.2020;03.03.2020;прорыв;11567;4;4;4;4;4.0;ромб;15.0;150
102;30012264;03.03.2020;20;6;18.03.2020;24.03.2020;ревизия;6993;4;4;4;4;4.0;нет;0.0;150
103;30012264;03.03.2020;20;2;07.04.2020;18.04.2020;ревизия;10556;4;4;4;4;4.0;нет;0.0;150
104;30014189;25.04.2020;20;6;25.04.2020;27.04.2020;ревизия;1366;4;4;4;4;4.0;нет;0.0;150
105;30014189;25.04.2020;20;6;29.04.2020;02.05.2020;ревизия;3198;4;4;4;4;4.0;нет;0.0;150
106;30014189;25.04.2020;20;6;04.05.2020;09.05.2020;смена сечения;6577;4;4;4;4;4.0;нет;0.0;150
107;30014189;25.04.2020;20;1;04.06.2020;05.06.2020;ревизия;7527;4;4;4;4;4.0;нет;0.0;150
108;30014189;25.04.2020;20;3;24.06.2020;26.06.2020;смена сечения;9672;4;4;4;4;4.0;нет;0.0;150
109;30013354;12.01.2020;21;6;20.01.2020;27.01.2020;ревизия;5220;5;5;5;5;5.0;нет;0.0;150
110;30013354;12.01.2020;21;3;29.01.2020;02.02.2020;ревизия;8688;5;5;5;5;5.0;прорыв;0.0;150
111;30012910;03.02.2020;21;3;06.02.2020;13.02.2020;ревизия;6290;5;5;5;5;5.0;ромб;0.0;150
112;30012910;03.02.2020;21;2;16.02.2020;20.02.2020;ревизия;10329;3;3;3;3;3.0;ромб;10.0;150
113;30013345;21.02.2020;21;6;22.02.2020;24.02.2020;ромб;2172;4;4;4;4;4.0;ромб;16.0;150
114;30000772;24.02.2020;21;4;26.02.2020;03.03.2020;ревизия;6963;4;4;4;4;4.0;нет;0.0;150
115;30000772;24.02.2020;21;4;17.03.2020;22.03.2020;ревизия;10868;4;4;4;4;4.0;нет;0.0;150
116;30014077;22.03.2020;21;1;24.03.2020;28.03.2020;ревизия;1053;4;4;4;4;4.0;нет;0.0;150
117;30014077;22.03.2020;21;1;07.04.2020;12.04.2020;ревизия;2718;4;4;4;4;4.0;прорыв;0.0;150
118;30014190;20.04.2020;21;5;20.04.2020;25.04.2020;ревизия;3374;4;4;4;4;4.0;нет;0.0;150
119;30014190;20.04.2020;21;4;11.05.2020;12.05.2020;ревизия;4390;4;4;4;4;4.0;ревизия;0.0;150
120;30014190;20.04.2020;21;2;17.05.2020;19.05.2020;смена сечения;5480;4;4;4;4;4.0;нет;0.0;150
121;30014190;20.04.2020;21;2;21.05.2020;22.05.2020;смена сечения;6457;4;4;4;4;4.0;нет;0.0;150
122;30014190;20.04.2020;21;2;25.05.2020;27.05.2020;смена сечения;7940;4;4;4;4;4.0;нет;0.0;150
123;30014190;20.04.2020;21;2;02.06.2020;05.06.2020;ревизия;10244;4;4;4;4;4.0;нет;0.0;150
124;83721  EM;12.06.2020;21;4;14.06.2020;16.06.2020;смена сечения;1337;4;4;4;4;4.0;ромб;11.0;150
125;30012261;29.12.2019;22;4;04.01.2020;06.01.2020;смена сечения;1721;5;5;5;5;5.0;нет;0.0;150
126;30012261;29.12.2019;22;1;21.01.2020;25.01.2020;ревизия;5745;5;5;5;5;5.0;нет;0.0;150
127;30012261;29.12.2019;22;5;27.01.2020;02.02.2020;ревизия;9552;5;5;5;5;5.0;ромб;16.0;150
128;30012903;06.02.2020;22;1;07.02.2020;13.02.2020;ревизия;5110;3;3;3;3;3.0;ромб;12.0;150
129;30012903;06.02.2020;22;6;17.02.2020;22.02.2020;ревизия;9440;3;3;3;3;3.0;нет;0.0;150
130;30012903;06.02.2020;22;2;25.02.2020;28.02.2020;заклин;11360;4;4;4;4;4.0;нет;0.0;150
131;30012903;06.02.2020;22;2;29.02.2020;08.03.2020;ревизия;17433;4;4;4;4;4.0;нет;0.0;150
132;30014081;10.03.2020;22;3;10.03.2020;16.03.2020;ревизия;4627;4;4;4;4;4.0;нет;0.0;150
133;30014081;10.03.2020;22;2;17.03.2020;22.03.2020;ревизия;8310;4;4;4;4;4.0;ромб;0.0;150
134;30014082;22.03.2020;22;6;24.03.2020;28.03.2020;ревизия;1059;4;4;4;4;4.0;нет;0.0;150
135;30014082;22.03.2020;22;6;07.04.2020;20.04.2020;ревизия;6404;4;4;4;4;4.0;нет;0.0;150
136;30014187;25.04.2020;22;3;26.04.2020;27.04.2020;ревизия;333;4;4;4;4;4.0;нет;0.0;150
137;30014187;25.04.2020;22;3;29.04.2020;02.05.2020;ревизия;2176;4;4;4;4;4.0;нет;0.0;150
138;30014187;25.04.2020;22;3;04.05.2020;09.05.2020;смена сечения;5174;4;4;4;4;4.0;нет;0.0;150
139;30014187;25.04.2020;22;3;21.05.2020;22.05.2020;смена сечения;6182;4;4;4;4;4.0;нет;0.0;150
140;30014187;25.04.2020;22;3;25.05.2020;27.05.2020;смена сечения;7696;4;4;4;4;4.0;нет;0.0;150
141;30014187;25.04.2020;22;3;02.06.2020;05.06.2020;ревизия;10132;4;4;4;4;4.0;нет;0.0;150
142;83719  EM;13.06.2020;22;5;14.06.2020;16.06.2020;смена сечения;951;4;4;4;4;4.0;ромб;14.0;150
143;30012909;02.02.2020;23;5;02.02.2020;09.02.2020;ревизия;5172;5;5;5;5;5.0;ромб;12.0;150
144;30012909;02.02.2020;23;3;13.02.2020;19.02.2020;ревизия;9432;3;3;3;3;3.0;нет;0.0;150
145;30012909;02.02.2020;23;6;24.02.2020;28.02.2020;ревизия;13040;4;4;4;4;4.0;нет;0.0;150
146;30012909;02.02.2020;23;3;05.03.2020;10.03.2020;прорыв;16619;4;4;4;4;4.0;ромб;18.0;150
147;30014083;10.03.2020;23;4;12.03.2020;17.03.2020;ревизия;4405;4;4;4;4;4.0;нет;0.0;150
148;30014083;10.03.2020;23;1;18.03.2020;24.03.2020;ревизия;8435;4;4;4;4;4.0;нет;0.0;150
149;30014083;10.03.2020;23;4;07.04.2020;13.04.2020;ревизия;10596;4;4;4;4;4.0;нет;0.0;150
150;30014192;20.04.2020;23;5;20.04.2020;25.04.2020;ревизия;3275;4;4;4;4;4.0;нет;0.0;150
151;30014192;20.04.2020;23;3;11.05.2020;12.05.2020;ревизия;4254;4;4;4;4;4.0;нет;0.0;150
152;30014192;20.04.2020;23;3;17.05.2020;19.05.2020;смена сечения;5363;4;4;4;4;4.0;нет;0.0;150
153;30014192;20.04.2020;23;4;21.05.2020;22.05.2020;смена сечения;6365;4;4;4;4;4.0;нет;0.0;150
154;30014192;20.04.2020;23;4;25.05.2020;27.05.2020;смена сечения;7862;4;4;4;4;4.0;нет;0.0;150
155;30014192;20.04.2020;23;4;02.06.2020;05.06.2020;ревизия;10254;4;4;4;4;4.0;нет;0.0;150
156;83720  EM;13.06.2020;23;6;14.06.2020;16.06.2020;смена сечения;1225;4;4;4;4;4.0;ромб;14.0;150
157;30012913;10.02.2020;24;6;11.02.2020;12.02.2020;ревизия;4593;3;3;3;3;3.0;нет;0.0;150
158;30012913;10.02.2020;24;5;19.02.2020;25.02.2020;ревизия;10110;4;4;4;4;4.0;нет;0.0;150
159;30012913;10.02.2020;24;1;26.02.2020;02.03.2020;ревизия;13976;4;4;4;4;4.0;нет;0.0;150
160;30012913;10.02.2020;24;6;05.03.2020;10.03.2020;ревизия;17680;4;4;4;4;4.0;ромб;15.0;150
161;30014184;18.04.2020;24;4;18.04.2020;24.04.2020;ревизия;3190;4;4;4;4;4.0;нет;0.0;150
162;30014184;18.04.2020;24;1;04.05.2020;09.05.2020;смена сечения;6594;4;4;4;4;4.0;нет;0.0;150
163;30014184;18.04.2020;24;6;24.06.2020;26.06.2020;смена сечения;8729;4;4;4;4;4.0;нет;0.0;150
0;30013869;26.12.2019;7;5;30.12.2019;04.01.2020;смена сечения;3961;5;5;5;5;5.0;нет;15.0;36180
1;30013869;26.12.2019;7;2;13.01.2020;18.01.2020;ревизия;8814;5;5;5;5;5.0;нет;10.0;36180
2;30014134;16.03.2020;7;1;27.04.2020;29.04.2020;смена сечения;1420;4;4;4;4;4.0;прорыв;0.0;36180
3;30014134;16.03.2020;7;1;02.05.2020;04.05.2020;смена сечения;3252;4;4;4;4;4.0;нет;0.0;36180
4;30014134;16.03.2020;7;1;09.05.2020;11.05.2020;смена сечения;4790;4;4;4;4;4.0;ромб;0.0;36180
5;30014134;16.03.2020;7;7;12.05.2020;17.05.2020;смена сечения;8677;4;4;4;4;4.0;нет;0.0;36180
6;30014134;16.03.2020;7;7;12.05.2020;17.05.2020;смена сечения;4;4;4;4;4;;нет;0.0;36180
7;30014134;16.03.2020;7;2;22.05.2020;25.05.2020;смена сечения;10370;4;4;4;4;4.0;нет;14.0;36180
8;30013874;29.05.2020;7;2;31.05.2020;02.06.2020;смена сечения;1641;4;4;4;4;4.0;нет;0.0;36180
9;30013874;29.05.2020;7;2;05.06.2020;11.06.2020;ревизия;6249;4;4;4;4;4.0;нет;0.0;36180
10;30013874;29.05.2020;7;1;13.06.2020;14.06.2020;ревизия;7697;4;4;4;4;4.0;нет;0.0;36180
11;30013874;29.05.2020;7;1;21.06.2020;24.06.2020;смена сечения;9870;4;4;4;4;4.0;нет;10.0;36180
12;30013874;29.05.2020;7;1;26.06.2020;29.06.2020;ревизия;12615;4;4;4;4;4.0;нет;0.0;36180
13;30014817;30.06.2020;7;1;02.07.2020;06.07.2020;ревизия;3380;4;4;4;4;4.0;нет;0.0;36180
14;30014817;30.06.2020;7;1;09.07.2020;14.07.2020;ревизия;7883;4;4;4;4;4.0;ромб;0.0;36180
15;30014817;30.06.2020;7;1;09.07.2020;14.07.2020;ревизия;7883;4;4;4;4;4.0;нет;0.0;36180
16;30014817;30.06.2020;7;1;17.07.2020;20.07.2020;ревизия;10364;4;4;4;4;4.0;нет;0.0;36180
17;30014817;30.06.2020;7;1;24.07.2020;28.07.2020;ревизия;10316;4;4;4;4;4.0;ромб;0.0;36180
18;30014817;30.06.2020;7;2;29.07.2020;31.07.2020;ромб;11734;4;4;4;4;4.0;ромб;18.0;36180
19;30014812;01.08.2020;7;1;04.08.2020;07.08.2020;ревизия;2770;4;4;4;4;4.0;ромб;0.0;36180
20;30014812;01.08.2020;7;2;09.08.2020;12.08.2020;ревизия;5697;4;4;4;4;4.0;нет;0.0;36180
21;30014812;01.08.2020;7;3;13.08.2020;17.08.2020;ревизия;8557;4;4;4;4;4.0;брак;0.0;36180
22;30014812;01.08.2020;7;4;19.08.2020;23.08.2020;ревизия;11559;4;4;4;4;4.0;нет;18.0;36180
23;30014812;01.08.2020;7;2;24.08.2020;26.08.2020;ревизия;13091;4;4;4;4;4.0;нет;0.0;36180
24;30013357;26.12.2019;8;6;30.10.2019;02.01.2020;ревизия;2261;5;5;5;5;5.0;нет;16.0;36180
25;30013357;26.12.2019;8;3;12.01.2020;18.01.2020;ревизия;8291;5;5;5;5;5.0;нет;10.0;36180
26;30014142;30.04.2020;8;6;02.05.2020;04.05.2020;смена сечения;1829;4;4;4;4;4.0;нет;0.0;36180
27;30014142;30.04.2020;8;6;09.05.2020;11.05.2020;смена сечения;3379;4;4;4;4;4.0;нет;0.0;36180
28;30014142;30.04.2020;8;6;12.05.2020;17.05.2020;смена сечения;7300;4;4;4;4;4.0;нет;0.0;36180
29;30014142;30.04.2020;8;1;19.05.2020;21.05.2020;смена сечения;9174;4;4;4;4;4.0;нет;0.0;36180
30;30014142;30.04.2020;8;4;12.06.2020;14.06.2020;ревизия;11479;4;4;4;4;4.0;нет;0.0;36180
31;83895;14.06.2020;8;2;16.06.2020;22.06.2020;ревизия;5082;4;4;4;4;4.0;нет;0.0;36180
32;83895;14.06.2020;8;2;26.06.2020;02.07.2020;ревизия;10111;4;4;4;4;4.0;ромб;14.0;36180
33;30014811;03.07.2020;8;5;05.07.2020;08.07.2020;ревизия;3053;4;4;4;4;4.0;нет;0.0;36180
34;30014811;03.07.2020;8;5;12.07.2020;15.07.2020;ревизия;5759;4;4;4;4;4.0;ромб;0.0;36180
35;30014811;03.07.2020;8;5;19.07.2020;23.07.2020;ревизия;8327;4;4;4;4;4.0;нет;0.0;36180
36;30014811;03.07.2020;8;6;24.07.2020;27.07.2020;ревизия;9993;4;4;4;4;4.0;микропрорыв;12.0;36180
37;83898;27.07.2020;8;1;28.07.2020;30.07.2020;задир;1602;4;4;4;4;4.0;нет;0.0;36180
38;30014811;31.08.2020;8;2;04.08.2020;06.08.2020;ромб;11111;4;4;4;4;4.0;ромб;0.0;36180
39;30014806;06.08.2020;8;4;06.08.2020;10.08.2020;ревизия;3217;4;4;4;4;4.0;нет;0.0;36180
40;30014806;06.08.2020;8;1;11.08.2020;14.08.2020;ревизия;5816;4;4;4;4;4.0;ромб;0.0;36180
41;30014806;06.08.2020;8;2;15.08.2020;17.08.2020;ромб;6584;4;4;4;4;4.0;нет;28.0;36180
42;30013867;26.12.2019;9;2;30.12.2019;04.01.2020;смена сечения;3982;5;5;5;5;5.0;ромб;10.0;36180
43;30013867;26.12.2019;9;4;12.01.2020;17.01.2020;ревизия;8726;5;5;5;5;5.0;нет;0.0;36180
44;30013867;26.12.2019;9;2;19.05.2020;21.05.2020;смена сечения;10601;4;4;4;4;4.0;прорыв;0.0;36180
45;30014810;28.06.2020;9;3;30.06.2020;06.07.2020;ревизия;4613;4;4;4;4;4.0;нет;0.0;36180
46;30014810;28.06.2020;9;3;09.07.2020;14.07.2020;ревизия;9055;4;4;4;4;4.0;нет;0.0;36180
47;30014810;28.06.2020;9;3;17.07.2020;20.07.2020;ревизия;11537;4;4;4;4;4.0;нет;0.0;36180
48;30014810;28.06.2020;9;3;24.07.2020;28.07.2020;ревизия;13952;4;4;4;4;4.0;нет;0.0;36180
49;30014810;28.06.2020;9;5;29.07.2020;01.08.2020;ревизия;17266;4;4;4;4;4.0;ромб;15.0;36180
50;30013865;25.12.2019;10;1;26.12.2019;30.12.2019;ревизия;2509;5;5;5;5;5.0;нет;0.0;36180
51;30013865;25.12.2019;10;1;06.01.2020;13.01.2020;ревизия;8089;5;5;5;5;5.0;нет;0.0;36180
52;30013865;25.12.2019;10;1;.01.2020;20.01.2020;смена сечения;10686;5;5;5;5;5.0;нет;0.0;36180
53;30013359;20.01.2020;10;2;27.04.2020;29.04.2020;смена сечения;1414;4;4;4;4;4.0;нет;0.0;36180
54;30013359;20.01.2020;10;2;02.05.2020;04.05.2020;смена сечения;3112;4;4;4;4;4.0;нет;0.0;36180
55;30013359;20.01.2020;10;2;09.05.2020;10.05.2020;ромб ;4064;4;4;4;4;4.0;нет;17.0;36180
56;30013359;20.01.2020;10;3;19.05.2020;21.05.2020;смена сечения;5963;4;4;4;4;4.0;нет;0.0;36180
57;30013359;20.01.2020;10;2;27.05.2020;31.05.2020;ревизия;9319;4;4;4;4;4.0;ромб;0.0;36180
58;30013359;20.01.2020;10;6;11.06.2020;13.06.2020;залита подвеска;10416;4;4;4;4;4.0;нет;0.0;36180
59;30013359;20.01.2020;10;5;22.06.2020;24.06.2020;смена сечения;11611;4;4;4;4;4.0;нет;14.0;36180
60;30014808;27.06.2020;10;4;30.06.2020;05.07.2020;ревизия;3578;4;4;4;4;4.0;заклин;0.0;36180
61;30014808;27.06.2020;10;4;09.07.2020;12.07.2020;ревизия;6438;4;4;4;4;4.0;брак;0.0;36180
62;30014808;27.06.2020;10;4;15.07.2020;19.07.2020;ревизия;9859;4;4;4;4;4.0;нет;0.0;36180
63;30014808;27.06.2020;10;4;23.07.2020;27.07.2020;ревизия;12093;4;4;4;4;4.0;нет;0.0;36180
64;30014808;27.06.2020;10;3;28.07.2020;01.08.2020;ромб;16425;4;4;4;4;4.0;нет;15.0;36180
65;30014819;01.08.2020;10;5;04.08.2020;05.08.2020;ревизия;2013;4;4;4;4;4.0;нет;0.0;36180
66;30014819;01.08.2020;10;5;09.08.2020;12.08.2020;ревизия;4912;4;4;4;4;4.0;нет;0.0;36180
67;30014819;01.08.2020;10;4;13.08.2020;17.08.2020;ревизия;7809;4;4;4;4;4.0;нет;0.0;36180
68;30013358;27.12.2019;11;4;30.12.2019;04.01.2020;смена сечения;3854;5;5;5;5;5.0;нет;10.0;36180
69;30013358;27.12.2019;11;5;10.01.2020;17.01.2020;ревизия;9742;5;5;5;5;5.0;нет;17.0;36180
70;30014144;16.03.2020;11;3;27.04.2020;29.04.2020;смена сечения;1414;4;4;4;4;4.0;нет;0.0;36180
71;30014144;16.03.2020;11;3;02.05.2020;04.05.2020;смена сечения;3291;4;4;4;4;4.0;нет;0.0;36180
72;30014144;16.03.2020;11;3;09.05.2020;11.05.2020;смена сечения;4884;4;4;4;4;4.0;ромб;0.0;36180
73;30014144;16.03.2020;11;3;12.05.2020;17.06.2020;смена сечения;8792;4;4;4;4;4.0;нет;0.0;36180
74;30014144;16.03.2020;11;4;22.05.2020;25.05.2020;смена сечения;10944;4;4;4;4;4.0;нет;14.0;36180
75;30014143;29.05.2020;11;6;30.05.2020;02.06.2020;смена сечения;2508;4;4;4;4;4.0;нет;0.0;36180
76;30014143;29.05.2020;11;6;05.06.2020;11.06.2020;ревизия;7307;4;4;4;4;4.0;нет;0.0;36180
77;30014143;29.05.2020;11;6;12.06.2020;14.06.2020;ревизия;8751;4;4;4;4;4.0;нет;0.0;36180
78;30014143;29.05.2020;11;3;22.06.2020;24.06.2020;смена сечения;9971;4;4;4;4;4.0;нет;0.0;36180
79;30014143;29.05.2020;11;5;27.06.2020;29.06.2020;ромб;12032;4;4;4;4;4.0;нет;17.0;36180
80;30014804;30.06.2020;11;5;30.06.2020;05.07.2020;ревизия;3513;4;4;4;4;4.0;нет;0.0;36180
81;30014804;30.06.2020;11;5;08.07.2020;12.07.2020;ревизия;7099;4;4;4;4;4.0;нет;0.0;36180
82;30014804;30.06.2020;11;5;15.07.2020;19.07.2020;ревизия;10508;4;4;4;4;4.0;нет;14.0;36180
83;30014804;30.06.2020;11;5;23.07.2020;26.07.2020;ревизия;12576;4;4;4;4;4.0;нет;15.0;36180
84;30013868;25.12.2019;12;2;26.12.2019;30.12.2019;ревизия;2724;5;5;5;5;5.0;ромб;0.0;36180
85;30013868;25.12.2019;12;2;06.01.2020;13.01.2020;ревизия;7605;5;5;5;5;5.0;ромб;0.0;36180
86;30013868;25.12.2019;12;2;18.01.2020;20.01.2020;смена сечения;8972;5;5;5;5;5.0;нет;10.0;36180
87;30014141;17.03.2020;12;4;27.04.2020;29.04.2020;смена сечения;1371;4;4;4;4;4.0;прорыв;0.0;36180
88;30014141;17.03.2020;12;4;02.05.2020;04.05.2020;смена сечения;2345;4;4;4;4;4.0;микропрорыв;0.0;36180
89;30014141;17.03.2020;11;4;09.05.2020;11.05.2020;смена сечения;4519;4;4;4;4;4.0;ромб;0.0;36180
90;30014141;17.03.2020;12;4;12.05.2020;17.05.2020;смена сечения;8408;4;4;4;4;4.0;нет;0.0;36180
91;30014141;17.03.2020;12;5;22.05.2020;25.05.2020;ромб;10434;4;4;4;4;4.0;нет;0.0;36180
92;30013873;26.05.2020;12;5;27.05.2020;02.06.2020;смена сечения;5016;4;4;4;4;4.0;прорыв;0.0;36180
93;30013873;26.05.2020;12;5;05.06.2020;10.06.2020;ревизия;8362;4;4;4;4;4.0;нет;0.0;36180
94;30013873;26.05.2020;12;2;11.06.2020;14.06.2020;ревизия;10873;4;4;4;4;4.0;ромб;0.0;36180
95;30013873;26.05.2020;12;4;27.06.2020;30.06.2020;ревизия;13971;4;4;4;4;4.0;нет;0.0;36180
96;30014821;01.07.2020;12;6;05.07.2020;08.07.2020;ревизия;3104;4;4;4;4;4.0;нет;0.0;36180
97;30014821;01.07.2020;12;6;12.07.2020;15.07.2020;ревизия;6373;4;4;4;4;4.0;нет;0.0;36180
98;30014821;01.07.2020;12;6;12.07.2020;15.07.2020;ревизия;6373;4;4;4;4;4.0;ромб;0.0;36180
99;30014821;01.07.2020;12;6;19.07.2020;23.07.2020;ревизия;8561;4;4;4;4;4.0;нет;0.0;36180
100;30014821;01.07.2020;12;2;26.07.2020;29.07.2020;ревизия;11571;4;4;4;4;4.0;нет;15.0;36180
101;30014814;05.08.2020;12;3;05.08.2020;10.08.2020;ревизия;3981;4;4;4;4;4.0;ромб;0.0;36180
102;30014814;05.08.2020;12;5;12.08.2020;15.08.2020;ревизия;6617;4;4;4;4;4.0;нет;0.0;36180
103;30014814;05.08.2020;12;4;17.08.2020;19.08.2020;ромб;9006;4;4;4;4;4.0;нет;18.0;36180
104;30014135;20.08.2020;12;6;21.08.2020;26.08.2020;ревизия;3984;4;4;4;4;4.0;нет;;36180
105;30013863;26.12.2019;13;3;26.12.2019;30.12.2019;ревизия;2732;5;5;5;5;5.0;нет;0.0;36180
106;30013863;26.12.2019;13;3;06.01.2020;12.01.2020;ревизия;6824;5;5;5;5;5.0;нет;0.0;36180
107;30013863;26.12.2019;13;3;18.01.2020;20.01.2020;смена сечения;8173;5;5;5;5;5.0;нет;10.0;36180
108;30014136;30.04.2020;13;5;12.05.2020;17.05.2020;смена сечения;3918;4;4;4;4;4.0;нет;0.0;36180
109;30014136;30.04.2020;13;4;19.05.2020;21.05.2020;смена сечения;5845;4;4;4;4;4.0;нет;0.0;36180
110;30014136;30.04.2020;13;4;27.05.2020;31.05.2020;прорыв;9312;4;4;4;4;4.0;прорыв;0.0;36180
111;30014136;30.04.2020;13;1;11.06.2020;13.06.2020;ромб;10452;4;4;4;4;4.0;ромб;13.0;36180
112;83894;13.06.2020;13;3;16.06.2020;22.06.2020;ревизия;5032;4;4;4;4;4.0;ромб;0.0;36180
113;83894;13.06.2020;13;3;26.06.2020;30.06.2020;ревизия;8462;4;4;4;4;4.0;ромб;0.0;36180
114;30014815;30.06.2020;13;4;05.07.2020;09.07.2020;ревизия;3703;4;4;4;4;4.0;нет;0.0;36180
115;30014815;30.06.2020;13;4;12.07.2020;15.07.2020;ревизия;5843;4;4;4;4;4.0;нет;0.0;36180
116;30014815;30.06.2020;13;4;19.07.2020;23.07.2020;ревизия;8571;4;4;4;4;4.0;нет;0.0;36180
117;30014815;30.06.2020;13;4;31.07.2020;04.08.2020;ревизия;11653;4;4;4;4;4.0;прорыв;0.0;36180
118;30014815;30.06.2020;13;6;13.08.2020;15.08.2020;ромб;13679;4;4;4;4;4.0;нет;22.0;36180
119;30013356;27.12.2019;14;3;30.12.2019;04.01.2020;ревизия;3921;5;5;5;5;5.0;ревизия;10.0;36180
120;30013356;27.12.2019;14;6;10.01.2020;15.01.2020;ревизия;8228;5;5;5;5;5.0;нет;0.0;36180
121;30014140;29.05.2020;14;4;31.05.2020;02.06.2020;смена сечения;1633;4;4;4;4;4.0;нет;0.0;36180
122;30014140;29.05.2020;14;4;05.06.2020;11.06.2020;ревизия;6210;4;4;4;4;4.0;нет;0.0;36180
123;30014140;29.05.2020;14;1;16.06.2020;21.06.2020;ревизия;10218;4;4;4;4;4.0;нет;12.0;36180
124;30014140;29.05.2020;14;2;22.06.2020;21.06.2020;смена сечения;11405;4;4;4;4;4.0;ромб;14.0;36180
125;30014807;28.06.2020;14;2;02.07.2020;06.07.2020;ревизия;3372;4;4;4;4;4.0;нет;0.0;36180
126;30014807;28.06.2020;14;2;09.07.2020;14.07.2020;ревизия;7861;4;4;4;4;4.0;нет;0.0;36180
127;30014807;28.06.2020;14;2;17.07.2020;20.07.2020;ревизия;10347;4;4;4;4;4.0;ромб;0.0;36180
128;30014807;28.06.2020;14;2;24.07.2020;26.07.2020;ревизия;11817;4;4;4;4;4.0;ромб;15.0;36180
129;30014824;26.07.2020;14;6;27.07.2020;31.07.2020;ревизия;3336;4;4;4;4;4.0;нет;0.0;36180
130;30014824;26.07.2020;14;5;01.08.2020;04.08.2020;ревизия;6096;4;4;4;4;4.0;нет;0.0;36180
131;30014824;26.07.2020;14;5;05.08.2020;09.08.2020;ревизия;8683;4;4;4;4;4.0;нет;0.0;36180
132;30014824;26.07.2020;14;6;13.08.2020;13.08.2020;ревизия;11375;4;4;4;4;4.0;нет;0.0;36180
133;30014824;26.07.2020;14;5;17.08.2020;18.08.2020;ромб;12745;4;4;4;4;4.0;ромб;20.0;36180
134;30014139;19.08.2020;14;3;20.08.2020;26.08.2020;ревизия;2301;4;4;4;4;4.0;нет;0.0;36180
135;30013864;25.12.2019;15;4;26.12.2019;30.12.2019;ревизия;2702;5;5;5;5;5.0;нет;0.0;36180
136;30013864;25.12.2019;15;4;06.01.2020;12.01.2020;ревизия;6880;5;5;5;5;5.0;нет;0.0;36180
137;30013864;25.12.2019;15;4;.01.2020;20.01.2020;смена сечения;9234;5;5;5;5;5.0;нет;0.0;36180
138;30013875;19.05.2020;15;1;22.05.2020;25.05.2020;смена сечения;2252;4;4;4;4;4.0;нет;0.0;36180
139;30013875;19.05.2020;15;1;27.05.2020;02.06.2020;смена сечения;7318;4;4;4;4;4.0;нет;0.0;36180
140;30013875;19.05.2020;15;3;08.06.2020;14.06.2020;ревизия;12040;4;4;4;4;4.0;нет;0.0;36180
141;83897;15.06.2020;15;4;16.06.2020;22.06.2020;ревизия;4777;4;4;4;4;4.0;нет;0.0;36180
142;83897;15.06.2020;15;4;26.06.2020;27.06.2020;ромб;5376;4;4;4;4;4.0;ромб;25.0;36180
143;30014803;27.06.2020;15;5;29.06.2020;30.06.2020;прорыв;799;4;4;4;4;4.0;ромб;0.0;36180
144;30014803;27.06.2020;15;1;06.07.2020;09.07.2020;ревизия;4657;4;4;4;4;4.0;нет;0.0;36180
145;30014803;27.06.2020;15;1;14.07.2020;17.07.2020;ревизия;6274;4;4;4;4;4.0;нет;0.0;36180
146;30014803;27.06.2020;15;1;20.07.2020;24.07.2020;ревизия;8981;4;4;4;4;4.0;ромб;0.0;36180
147;30014803;27.06.2020;15;1;30.07.2020;31.07.2020;ромб;9785;4;4;4;4;4.0;нет;20.0;36180
148;30013355;27.12.2019;16;1;30.12.2019;04.01.2020;смена сечения;3845;5;5;5;5;5.0;нет;10.0;36180
149;30013355;27.12.2019;16;1;13.01.2020;17.01.2020;ревизия;7336;5;5;5;5;5.0;нет;17.0;36180
150;30013363;18.03.2020;16;5;27.04.2020;29.04.2020;смена сечения;1426;4;4;4;4;4.0;нет;0.0;36180
151;30013363;18.03.2020;16;5;02.05.2020;04.05.2020;смена сечения;3140;5;5;5;5;5.0;нет;0.0;36180
152;30013363;18.03.2020;16;5;09.05.2020;11.05.2020;смена сечения;4422;4;4;4;4;4.0;нет;0.0;36180
153;30013871;19.05.2020;16;3;22.05.2020;25.05.2020;смена сечения;2252;4;4;4;4;4.0;нет;0.0;36180
154;30013871;19.05.2020;16;3;27.05.2020;02.06.2020;смена сечения;7361;4;4;4;4;4.0;нет;0.0;36180
155;30013871;19.05.2020;16;4;11.06.2020;11.06.2020;перелив в гильзе;7365;4;4;4;4;4.0;нет;0.0;36180
156;30013871;19.05.2020;16;6;21.06.2020;24.06.2020;смена сечения;9526;4;4;4;4;4.0;ромб;12.0;36180
157;30013871;19.05.2020;16;6;26.06.2020;30.06.2020;ревизия;13270;4;4;4;4;4.0;нет;0.0;36180
158;30014820;01.07.2020;16;2;06.07.2020;09.07.2020;ревизия;2385;4;4;4;4;4.0;нет;0.0;36180
159;30014820;01.07.2020;16;2;14.07.2020;17.07.2020;ревизия;3990;4;4;4;4;4.0;нет;0.0;36180
160;30014820;01.07.2020;16;2;20.07.2020;24.07.2020;ревизия;7846;4;4;4;4;4.0;ромб;0.0;36180
161;30014820;01.07.2020;16;2;31.07.2020;04.08.2020;ревизия;11266;4;4;4;4;4.0;нет;0.0;36180
162;30014820;01.07.2020;16;1;07.08.2020;08.08.2020;ромб;12242;4;4;4;4;4.0;нет;17.0;36180
163;30013866;25.12.2019;17;5;26.12.2019;30.12.2019;ревизия;2672;5;5;5;5;5.0;нет;0.0;36180
164;30013866;25.12.2019;17;5;06.01.2020;10.01.2020;ревизия;5760;5;5;5;5;5.0;;0.0;36180
165;30013866;25.12.2019;17;5;.01.2020;20.01.2020;смена сечения;8438;5;5;5;5;5.0;;10.0;36180
166;30014138;29.04.2020;17;2;10.05.2020;11.05.2020;смена сечения;574;4;4;4;4;4.0;;0.0;36180
167;30014138;29.04.2020;17;2;12.05.2020;17.05.2020;смена сечения;4487;4;4;4;4;4.0;;0.0;36180
168;30014138;29.04.2020;17;6;19.05.2020;21.05.2020;смена сечения;6344;4;4;4;4;4.0;;0.0;36180
169;30014138;29.04.2020;17;3;05.06.2020;08.06.2020;залита подвеска;8917;4;4;4;4;4.0;;0.0;36180
170;83896;09.06.2020;17;5;10.06.2020;14.06.2020;ревизия;3538;4;4;4;4;4.0;;0.0;36180
171;83896;09.06.2020;17;5;16.06.2020;22.06.2020;ревизия;8597;4;4;4;4;4.0;;0.0;36180
172;83896;09.06.2020;17;5;26.06.2020;27.06.2020;ромб ;9192;4;4;4;4;4.0;;25.0;36180
173;30014802;27.06.2020;17;1;29.06.2020;02.07.2020;трещина;2135;4;4;4;4;4.0;;0.0;36180
174;30014816;03.07.2020;17;3;06.07.2020;03.07.2020;ревизия;2550;4;4;4;4;4.0;;0.0;36180
175;30014816;03.07.2020;17;3;14.07.2020;17.07.2020;ревизия;4139;4;4;4;4;4.0;;0.0;36180
176;30014816;03.07.2020;17;3;20.07.2020;24.07.2020;ревизия;4158;4;4;4;4;4.0;;0.0;36180
177;30014816;03.07.2020;17;1;31.07.2020;04.08.2020;ревизия;11409;4;4;4;4;4.0;;0.0;36180
178;30014816;03.07.2020;17;6;07.08.2020;10.08.2020;ревизия;13750;4;4;4;4;4.0;;15.0;36180
179;530314 K;10.08.2020;17;1;18.08.2020;21.08.2020;ревизия;2492;4;4;4;4;4.0;;15.0;36180
180;530314 K;10.08.2020;17;1;24.08.2020;26.08.2020;ревизия;3853;4;4;4;4;4.0;;0.0;36180
181;30013870;25.12.2019;18;6;26.12.2019;30.12.2019;ревизия;2738;5;5;5;5;5.0;;0.0;36180
182;30013870;25.12.2019;18;6;02.01.2020;04.01.2020;смена сечения;4000;5;5;5;5;5.0;;0.0;36180
183;30013870;25.12.2019;18;6;06.01.2020;10.01.2020;ревизия;5834;5;5;5;5;5.0;;0.0;36180
184;30013870;25.12.2019;18;6;15.01.2020;20.01.2020;смена сечения;11712;5;5;5;5;5.0;;10.0;36180
185;30013362;18.03.2020;18;6;27.04.2020;29.04.2020;смена сечения;1338;4;4;4;4;4.0;;17.0;36180
186;30013872;19.05.2020;18;6;22.05.2020;25.05.2020;смена сечения;2270;4;4;4;4;4.0;;0.0;36180
187;30013876;27.05.2020;18;6;27.05.2020;30.05.2020;прорыв;2256;4;4;4;4;4.0;;0.0;36180
188;30013876;27.05.2020;18;1;05.06.2020;11.06.2020;ревизия;6711;4;4;4;4;4.0;;13.0;36180
189;30013876;27.05.2020;18;6;16.06.2020;21.06.2020;ревизия;10801;4;4;4;4;4.0;;12.0;36180
190;30013876;27.05.2020;12;4;22.06.2020;24.06.2020;смена сечения;12009;4;4;4;4;4.0;;14.0;36180
191;30014809;29.06.2020;18;6;30.06.2020;05.07.2020;ревизия;3525;4;4;4;4;4.0;;0.0;36180
192;30014809;29.06.2020;18;6;08.07.2020;12.07.2020;ревизия;7145;4;4;4;4;4.0;;0.0;36180
193;30014809;29.06.2020;18;6;15.07.2020;19.07.2020;ревизия;10654;4;4;4;4;4.0;;0.0;36180
194;30014809;29.06.2020;18;6;23.07.2020;24.07.2020;ревизия;11234;4;4;4;4;4.0;;17.0;36180
195;30014825;26.07.2020;18;5;26.07.2020;29.07.2020;ревизия;2891;4;4;4;4;4.0;;0.0;36180
196;30014825;26.07.2020;18;6;31.07.2020;04.08.2020;ревизия;6398;4;4;4;4;4.0;;0.0;36180
197;30014825;26.07.2020;18;2;05.08.2020;09.08.2020;ревизия;9671;4;4;4;4;4.0;;24.0;36180
198;30014825;26.07.2020;18;5;15.08.2020;17.08.2020;ромб;10424;4;4;4;4;4.0;;24.0;36180
199;30014818;17.08.2020;18;6;18.08.2020;21.08.2020;ревизия;2506;4;4;4;4;4.0;;0.0;36180
200;30014818;17.08.2020;18;5;23.08.2020;26.08.2020;ревизия;4986;4;4;4;4;4.0;;0.0;36180
